sec,lin,
Residue,R_default,
-,0.0,
A,108.036527886656,
C,0,
D,39.7695184649604,
E,99.6290302258321,
F,1101.36437383353,
G,-22.3367674695602,
H,-413.727613925816,
I,796.965708648065,
K,277.230779816223,
L,915.382515597108,
M,674.277766642776,
N,-82.3987163180159,
P,193.65242259528,
Q,0.774440707230898,
R,413.178261097275,
S,5.21674583540217,
T,23.0387043768597,
V,454.042983961538,
W,1124.97615112844,
Y,485.269454677286,
