sec,pos,
gamma_l,2,gamma_r,2,
Residue,R_default,R_1,R_2,R_n-1,R_n,
-,0.0,0.0,0.0,0.0,0.0,
A,101.694760409868,1482.7926943853,-470.211566660334,-365.845864563898,0,
C,0,0,0,0,0,
D,50.6240806406083,1584.61841855312,-351.68898205596,-512.083619458663,0,
E,130.979171339214,1435.04009632879,-594.961413690377,-412.437827283873,0,
F,1196.6527102065,2199.95470477971,492.635542988202,678.407362862648,0,
G,-52.7466561303483,1413.26918006628,-569.868762359577,-468.521259806773,0,
H,-411.668127033348,882.716252520928,-1052.50020469852,-1160.36882212272,0,
I,871.025745796458,1969.49952571919,115.853764284229,361.216339439438,0,
K,0,0,0,0,-112.067837018792,
L,1003.15629325345,1915.32988876533,229.314207822305,410.167624523378,0,
M,761.281967200115,1641.5108949636,65.731968590609,-29.3707224807809,0,
N,-108.855723189741,1336.01311911316,-601.851376700541,-451.271959498926,0,
P,161.355097809062,1613.91157374532,-289.045907935949,-279.341415883912,0,
Q,4.24618240433295,1436.00614395154,-794.802687743379,-505.147283817572,0,
R,0,0,0,0,0,
S,-34.5078683284676,1471.97470786571,-440.366211374729,-393.901538078753,0,
T,22.6348140396528,1412.00668827025,-471.400709971504,-382.628386603501,0,
V,489.112425453446,1612.46509539515,-253.971671569541,34.0260975598471,0,
W,1359.91396220415,2436.48406952715,633.086540626873,708.477358111432,0,
Y,535.464747430972,1806.87249362476,0,0,0,
